Campaign_ID,Budget,Duration,Platform,Content_Type,Target_Age,Target_Gender,Region,Clicks,Conversions,CTR,CPC,Conversion_Rate,Success
CAMP-XAJI0Y,15895,39,Instagram,Video,35-44,Female,US,48297,2116,303.8502674,0.329109468,4.381224507,0
CAMP-6DPBHS,960,8,LinkedIn,Video,45-54,Female,UK,15097,2340,1572.604167,0.063588792,15.49976817,1
CAMP-AHXTHV,38258,54,YouTube,Image,35-44,All,US,8134,2740,21.26091275,4.703466929,33.68576346,0
CAMP-3A3ZMF,44832,28,Facebook,Text,25-34,Female,US,21801,4277,48.62821199,2.05641943,19.61836613,1
CAMP-8MDD4V,11384,36,Google,Story,18-24,All,UK,16503,1488,144.9666198,0.689813973,9.016542447,1
CAMP-30T9NT,6365,58,LinkedIn,Image,45-54,Male,UK,20358,1558,319.8428908,0.312653502,7.653011101,0
CAMP-3W5UZB,16950,47,Facebook,Text,35-44,Male,US,39018,2114,230.1946903,0.434414885,5.418012199,0
CAMP-IKCIDK,37294,8,LinkedIn,Story,55+,All,Germany,30127,1045,80.78243149,1.23789292,3.468649384,0
CAMP-WNNHJ7,22062,39,LinkedIn,Carousel,18-24,Female,UK,43096,2432,195.3404043,0.511926861,5.643215148,0
CAMP-XVG0FN,47291,59,Google,Story,25-34,All,India,34825,1583,73.63980461,1.357961235,4.545585068,0
CAMP-9XUY41,44231,35,YouTube,Video,35-44,Female,Canada,48620,1309,109.9229048,0.909728507,2.692307692,0
CAMP-IBLJH7,16123,55,Instagram,Video,25-34,Male,US,46147,4918,286.2184457,0.349383492,10.65724749,0
CAMP-5LXO6Q,41190,24,YouTube,Carousel,25-34,Female,US,24553,602,59.60912843,1.677595406,2.451838879,0
CAMP-JIUJV6,1785,23,Google,Image,45-54,All,Canada,2829,1621,158.487395,0.630965005,57.29939908,0
CAMP-OH9SDB,869,8,Google,Text,45-54,All,Germany,21354,4881,2457.30725,0.040694952,22.85754425,0
CAMP-DW2PCN,2533,8,Google,Story,35-44,Male,Canada,805,4767,31.78049743,3.146583851,592.173913,0
CAMP-9T84AZ,5411,57,Facebook,Video,55+,Female,UK,39313,101,726.5385326,0.137638949,0.256912472,0
CAMP-YTJXEP,37919,50,YouTube,Image,35-44,Female,Canada,43005,4272,113.412801,0.881734682,9.933728636,1
CAMP-Q85JSG,39288,6,YouTube,Carousel,55+,Female,US,42331,238,107.7453675,0.928114148,0.562235714,0
CAMP-65KXVF,17668,32,LinkedIn,Video,25-34,Male,Canada,17450,4026,98.76613086,1.012492837,23.07163324,0
CAMP-1T2TAL,19869,13,LinkedIn,Carousel,18-24,Female,India,40165,2919,202.1490765,0.494684427,7.267521474,0
CAMP-A753LC,28793,32,LinkedIn,Story,35-44,All,UK,14299,2543,49.66137603,2.013637317,17.78446045,0
CAMP-58DRC1,6496,33,Google,Text,35-44,Female,Canada,47697,2004,734.2518473,0.136193052,4.201522108,0
CAMP-1ERTJ5,27580,26,YouTube,Video,55+,Male,US,46875,1538,169.960116,0.588373333,3.281066667,0
CAMP-PHT0HL,41534,57,Google,Video,25-34,Female,UK,44875,755,108.0440121,0.925548747,1.682451253,0
CAMP-9XPSEI,25758,11,Facebook,Story,25-34,Female,US,24650,3369,95.69842379,1.04494929,13.6673428,0
CAMP-MVIHCW,19042,57,LinkedIn,Image,55+,All,Germany,37756,2259,198.2774919,0.50434368,5.983154995,0
CAMP-I64CIY,18531,5,Google,Text,25-34,Female,India,19272,3666,103.9987049,0.961550436,19.02241594,1
CAMP-HE7UR2,2847,53,Google,Video,45-54,All,Germany,33555,4236,1178.609062,0.084845776,12.62405007,0
CAMP-3GDPPQ,289,33,Facebook,Text,18-24,All,India,39018,541,13501.03806,0.007406838,1.386539546,0
CAMP-0Y9DOM,19218,42,Instagram,Video,35-44,Male,Canada,41189,270,214.3251119,0.466580883,0.655514822,0
CAMP-5IGQPK,35873,39,YouTube,Text,18-24,All,UK,49433,3461,137.8000167,0.725689317,7.001395829,0
CAMP-I7P5TB,1999,38,Instagram,Carousel,35-44,All,Canada,41352,3409,2068.634317,0.048341072,8.243857613,0
CAMP-94874F,1367,26,LinkedIn,Video,45-54,Male,India,29198,506,2135.918069,0.046818275,1.732995411,0
CAMP-RHOCN9,31651,33,Google,Text,25-34,All,India,22352,1130,70.62020157,1.416025412,5.05547602,0
CAMP-J2QP89,11494,8,Facebook,Image,55+,Male,India,2673,2080,23.25561162,4.300037411,77.81518893,0
CAMP-UZFK8U,3656,4,Facebook,Carousel,45-54,Female,US,8696,3146,237.8555799,0.420423183,36.1775529,0
CAMP-T0CVS4,3990,22,YouTube,Carousel,18-24,Male,UK,13593,3243,340.6766917,0.293533436,23.85786802,0
CAMP-F8CGVY,41706,30,Instagram,Image,55+,All,Canada,29010,4909,69.55833693,1.437642192,16.92175112,0
CAMP-IE6IVW,30840,13,YouTube,Text,25-34,Male,Canada,22835,362,74.04345006,1.350558353,1.585285746,0
CAMP-PVS7HZ,14602,6,Google,Story,45-54,All,Germany,12867,3721,88.11806602,1.134841066,28.91893992,0
CAMP-IOYKL1,21877,17,YouTube,Image,55+,Female,India,31456,1457,143.785711,0.6954794,4.631866734,0
CAMP-CQ99CH,10727,8,Facebook,Text,45-54,Male,India,23506,4068,219.1292999,0.45635157,17.30621969,0
CAMP-J755NF,8892,56,Facebook,Image,45-54,Female,India,23827,4196,267.959964,0.373190078,17.61027406,0
CAMP-4ZW9XA,43423,51,LinkedIn,Image,25-34,All,Canada,20964,1682,48.27856205,2.071312727,8.023278,0
CAMP-3KX7EE,43121,32,LinkedIn,Video,35-44,All,Germany,29603,1053,68.65100531,1.456642908,3.557071918,0
CAMP-DTJVZH,8533,58,Google,Text,55+,Female,US,23598,2510,276.5498652,0.361598441,10.63649462,0
CAMP-WJR64D,43101,40,Instagram,Story,25-34,Male,UK,37315,4728,86.5757175,1.155058288,12.67050784,1
CAMP-PJA1WJ,11116,53,YouTube,Video,45-54,Male,US,40751,682,366.597697,0.272778582,1.673578562,0
CAMP-0TPAC5,23997,59,Google,Image,25-34,All,Canada,6777,3933,28.24103013,3.540947322,58.03452855,1
CAMP-6T4UFE,2712,4,LinkedIn,Image,35-44,Female,India,44974,2130,1658.333333,0.060301508,4.736069729,1
CAMP-L6246H,23583,17,YouTube,Image,55+,Female,UK,32477,4850,137.7136073,0.726144656,14.93364535,1
CAMP-ID25OW,48655,13,LinkedIn,Text,35-44,Male,Canada,16742,4017,34.40961874,2.906164138,23.99354916,1
CAMP-F75935,17259,10,YouTube,Text,18-24,Male,Canada,31675,3303,183.527435,0.544877664,10.42778216,1
CAMP-A0L725,45074,28,Instagram,Video,55+,Male,Canada,24968,720,55.39335315,1.805270747,2.883691125,1
CAMP-3J2D54,41094,53,Google,Story,35-44,Female,UK,41445,75,100.8541393,0.991530945,0.180962722,0
CAMP-I3QK2I,14641,47,YouTube,Video,45-54,Male,UK,41186,1294,281.3059217,0.355484874,3.141844316,1
CAMP-AGL58K,36020,46,Facebook,Carousel,55+,Male,Germany,49340,1923,136.9794559,0.730036482,3.897446291,1
CAMP-XO9T7E,26631,7,Facebook,Image,55+,All,Germany,49395,4158,185.4793286,0.539143638,8.417856058,1
CAMP-8G8JDP,1685,8,YouTube,Image,25-34,Male,US,15627,4970,927.4183976,0.107826198,31.8039291,1
CAMP-0LVSNU,4043,28,YouTube,Image,45-54,Male,UK,19669,320,486.4951768,0.205551884,1.626925619,0
CAMP-JZA7TZ,24039,56,YouTube,Video,18-24,Female,UK,46290,2150,192.5620866,0.519313027,4.64463167,1
CAMP-0YNCXL,19557,6,Facebook,Video,35-44,Female,UK,33760,1453,172.623613,0.579295024,4.303909953,1
CAMP-L4ZKLO,1121,21,Facebook,Image,25-34,All,Germany,37438,4970,3339.696699,0.029942839,13.2752818,1
CAMP-OKEP7Y,11753,22,YouTube,Video,35-44,Male,Canada,16245,1556,138.2200289,0.723484149,9.578331794,1
CAMP-6WKTAK,43673,35,LinkedIn,Text,18-24,All,India,27739,4208,63.51521535,1.574425899,15.16997729,1
CAMP-PUXQPH,13517,22,LinkedIn,Text,18-24,Female,Germany,11204,3033,82.88821484,1.206444127,27.07068904,1
CAMP-R62GDS,40857,51,Instagram,Video,55+,All,UK,39171,461,95.87341214,1.043042046,1.176891067,0
CAMP-WM31YI,9792,14,Google,Image,18-24,Female,Germany,29462,887,300.878268,0.332360329,3.010657796,1
CAMP-HAIR4C,45858,49,LinkedIn,Video,35-44,All,US,21391,3534,46.64616861,2.143798794,16.52096676,1
CAMP-OWGZRI,6973,3,Facebook,Video,45-54,All,UK,32068,3937,459.88814,0.217444181,12.2770363,1
CAMP-XA11DP,5775,28,LinkedIn,Video,45-54,Male,US,9195,1116,159.2207792,0.628058728,12.137031,1
CAMP-G8SBI4,261,16,Instagram,Carousel,55+,All,UK,42312,1076,16211.49425,0.006168463,2.543013802,1
CAMP-Q2Y9V8,37165,40,Instagram,Text,35-44,Male,Germany,46380,3877,124.7948338,0.801315222,8.359206555,1
CAMP-6WZS3T,26657,39,Google,Story,35-44,Male,Canada,22273,4616,83.55403834,1.196830243,20.72464419,1
CAMP-60RJIW,33863,13,LinkedIn,Story,18-24,Male,India,2930,4908,8.652511591,11.55733788,167.5085324,1
CAMP-1SWJCK,32706,38,Facebook,Carousel,35-44,Male,US,21321,1925,65.18987342,1.533980583,9.028657192,1
CAMP-JLTEIY,11634,15,Facebook,Video,25-34,All,Germany,33363,927,286.7715317,0.348709648,2.778527111,1
CAMP-ZCOTOH,29227,45,YouTube,Carousel,18-24,Female,Canada,46950,4653,160.639135,0.622513312,9.910543131,1
CAMP-P6VZ41,40497,5,Facebook,Carousel,25-34,Female,Germany,13354,2282,32.97528212,3.03257451,17.08851281,1
CAMP-NAM148,25951,35,Google,Image,55+,Female,US,34745,1056,133.8869408,0.746898834,3.039286228,1
CAMP-P0TVHH,1116,8,Google,Text,45-54,All,India,30275,4675,2712.81362,0.036862097,15.44178365,1
CAMP-PBMYOF,24353,52,Facebook,Story,55+,Male,Germany,20586,542,84.53167988,1.182988439,2.632857282,1
CAMP-QEWAOU,24376,58,Facebook,Video,45-54,Female,UK,30881,2162,126.6860847,0.789352676,7.001068618,1
CAMP-AXEQBN,23347,12,YouTube,Story,55+,All,Canada,49206,2252,210.7594123,0.474474658,4.576677641,1
CAMP-HL1N13,24400,7,Facebook,Story,35-44,Male,Germany,11723,1053,48.04508197,2.081378487,8.982342404,1
CAMP-JCAT9M,8629,25,YouTube,Text,25-34,Female,Canada,21967,4570,254.5717928,0.392816497,20.80393317,1
CAMP-X2X18H,17362,12,YouTube,Story,45-54,Male,UK,27879,2745,160.5748186,0.622762653,9.846120736,1
CAMP-AFEYUH,9368,46,Facebook,Story,18-24,Female,India,15422,3870,164.6242528,0.607443911,25.09402153,1
CAMP-Z1GV0E,21371,4,Instagram,Carousel,25-34,Female,India,25988,4482,121.6040429,0.82234108,17.24642143,1
CAMP-38DALY,12285,15,Instagram,Text,18-24,Female,UK,2713,4158,22.08384208,4.528197567,153.2620715,1
CAMP-8OZCYW,21343,42,YouTube,Image,25-34,Male,Canada,47851,4611,224.1999719,0.446030386,9.636162254,1
CAMP-D14VE9,39199,4,Facebook,Video,25-34,All,Germany,9515,4526,24.27357841,4.119705728,47.56699947,1
CAMP-2MPNSM,8671,22,Instagram,Story,55+,Male,UK,3376,4676,38.93437896,2.568424171,138.507109,1
CAMP-43D8W3,40076,3,Facebook,Video,45-54,Female,US,3709,1561,9.25491566,10.80506875,42.08681585,1
CAMP-ZP08J3,38144,39,Facebook,Image,45-54,Male,Canada,27644,3763,72.4727349,1.379829258,13.61235711,1
CAMP-TRP0J4,49316,11,Facebook,Video,25-34,All,India,4813,1165,9.759510098,10.24641596,24.20527737,1
CAMP-3D5IQV,49084,19,LinkedIn,Image,35-44,Male,UK,23171,2723,47.20682911,2.118337577,11.75175866,1
CAMP-NB4GH2,40874,11,Facebook,Carousel,35-44,All,India,10878,2359,26.61349513,3.757492186,21.68597169,1
CAMP-M5ZJA8,2668,13,LinkedIn,Story,18-24,All,Canada,47638,471,1785.532234,0.05600571,0.988706495,0
CAMP-DZR1YX,2127,17,YouTube,Image,18-24,Male,India,11271,1417,529.9012694,0.1887144,12.57208766,1
CAMP-R2DHYL,2795,26,Instagram,Video,55+,Female,UK,11261,1469,402.8980322,0.248201758,13.04502264,1
CAMP-URTP0L,48290,40,Instagram,Story,25-34,All,Canada,13619,809,28.2025264,3.545781629,5.94023056,1
CAMP-ZJJEGE,5358,57,Instagram,Carousel,18-24,Male,US,31408,172,586.1888764,0.170593479,0.547631177,0
CAMP-T1GHR0,22102,37,Instagram,Story,18-24,All,UK,37910,4127,171.5229391,0.583012398,10.88630968,1
CAMP-9SKDGI,39604,32,Instagram,Image,25-34,Female,Germany,6072,4143,15.33178467,6.522397892,68.2312253,1
CAMP-GATJ9T,33259,33,Instagram,Carousel,55+,Male,UK,45387,4226,136.4653177,0.732786921,9.3110362,1
CAMP-ZE5R5U,14086,51,Instagram,Video,18-24,Male,Canada,13565,2400,96.30129206,1.038407667,17.69259123,1
CAMP-QPGB7R,12766,7,YouTube,Carousel,55+,Male,UK,6209,1646,48.63700454,2.056047673,26.50990498,1
CAMP-3OCWBF,38760,46,Facebook,Carousel,45-54,Female,US,46041,58,118.7848297,0.841858344,0.125974675,0
CAMP-UK9E1V,3661,52,Google,Text,55+,All,US,41263,1130,1127.096422,0.088723554,2.738530887,1
CAMP-2ISQP4,26954,16,LinkedIn,Carousel,35-44,Male,Germany,21741,1354,80.65964235,1.239777379,6.227864404,1
CAMP-9KWV08,39052,55,Google,Carousel,35-44,All,India,24954,768,63.89941616,1.564959526,3.0776629,1
CAMP-HHXFGC,22762,58,Google,Story,55+,All,Canada,43840,3896,192.6017046,0.519206204,8.886861314,1
CAMP-AQVKIZ,8492,13,Facebook,Video,35-44,Female,Canada,3094,683,36.4342911,2.744667098,22.07498384,1
CAMP-ZQY72W,30635,11,Facebook,Story,45-54,Male,India,9662,3455,31.53908928,3.170668599,35.7586421,1
CAMP-X7PTX6,13167,36,Facebook,Story,25-34,All,US,5686,2009,43.18371687,2.315687654,35.33239536,1
CAMP-3CFL0U,48133,14,Instagram,Image,35-44,Male,US,11643,3143,24.18922569,4.134071975,26.9947608,1
CAMP-KEYZ7S,23699,37,YouTube,Story,35-44,Male,UK,48997,1791,206.7471201,0.483682674,3.655325836,1
CAMP-RCBPLJ,35322,37,Instagram,Text,55+,Female,Germany,2942,1478,8.329086688,12.00611829,50.23793338,1
CAMP-D84U89,11937,3,YouTube,Text,45-54,Male,Germany,21722,886,181.9720198,0.549535034,4.078814106,1
CAMP-YJB1QX,14139,42,YouTube,Image,25-34,Male,Germany,5862,3907,41.45979206,2.411975435,66.64960764,1
CAMP-6GVWRD,30918,24,Google,Video,55+,All,UK,31135,4493,100.7018565,0.993030352,14.43070499,1
CAMP-MLY4LY,19215,31,Google,Video,55+,Female,Germany,704,1539,3.66380432,27.29403409,218.6079545,0
CAMP-K83TQL,11065,10,YouTube,Story,45-54,Male,India,17193,2074,155.3818346,0.643575874,12.06304892,1
CAMP-L8OS9X,24638,13,YouTube,Story,25-34,All,UK,1848,313,7.500608816,13.33225108,16.93722944,1
CAMP-TOGN1W,42630,43,Instagram,Story,45-54,Female,India,37977,811,89.0851513,1.122521526,2.135503068,1
CAMP-1HT7PZ,5156,39,Instagram,Video,25-34,Female,UK,29137,2236,565.1086113,0.176957134,7.674091361,1
CAMP-E9VIFT,32582,16,Google,Carousel,45-54,All,Germany,11668,2858,35.81118409,2.792423723,24.4943435,1
CAMP-TD96QE,47816,32,Facebook,Text,55+,All,India,8496,2764,17.76811109,5.628060264,32.53295669,1
CAMP-3RZSJ4,8210,37,YouTube,Carousel,55+,All,India,21696,2033,264.2630938,0.378410767,9.370390855,1
CAMP-9ITN7S,13873,23,Instagram,Carousel,18-24,All,India,36641,1508,264.1173502,0.378619579,4.115608198,1
CAMP-55J2O7,27366,39,Google,Video,35-44,All,UK,48917,4546,178.7510049,0.559437414,9.29329272,1
CAMP-S3KKV9,17512,7,Instagram,Carousel,45-54,Male,Canada,27250,2571,155.6075834,0.642642202,9.434862385,1
CAMP-RFTMTT,33370,21,YouTube,Image,18-24,Male,Germany,29621,1895,88.76535811,1.126565612,6.397488268,1
CAMP-QLGZUI,7010,16,YouTube,Story,35-44,Female,India,22588,2706,322.2253923,0.310341774,11.97981229,1
CAMP-1B0Z3N,45553,28,LinkedIn,Image,45-54,Male,Canada,40605,597,89.13792725,1.121856914,1.470262283,0
CAMP-X39RBS,25546,6,Facebook,Text,25-34,Male,Germany,44014,2148,172.2931183,0.580406234,4.88026537,1
CAMP-V55PSQ,306,27,LinkedIn,Story,35-44,Male,Germany,20950,616,6846.405229,0.014606205,2.940334129,1
CAMP-0OXFQ8,21618,47,Google,Carousel,55+,All,India,22406,948,103.6451106,0.964830849,4.231009551,1
CAMP-MYX444,22461,44,Instagram,Text,18-24,Female,India,23073,4652,102.7247229,0.973475491,20.16209422,1
CAMP-NLZ15B,23519,27,Google,Story,35-44,Female,UK,39198,4374,166.6652494,0.600005102,11.15873259,1
CAMP-CW790P,48802,20,YouTube,Carousel,35-44,Female,Canada,17442,3765,35.74033851,2.79795895,21.58582731,1
CAMP-DW5PY6,41623,42,LinkedIn,Image,55+,Female,Canada,20748,2014,49.84744012,2.006121072,9.706959707,1
CAMP-B2KNFT,45251,10,LinkedIn,Story,45-54,Male,India,42520,3698,93.96477426,1.064228598,8.697083725,1
CAMP-U2GC5W,22503,41,LinkedIn,Carousel,25-34,Male,Germany,26585,491,118.1398036,0.846454768,1.84690615,0
CAMP-I6FQJJ,18241,42,Google,Image,55+,All,India,35500,4351,194.6165232,0.513830986,12.25633803,1
CAMP-A26YFP,14920,16,YouTube,Text,25-34,Female,Germany,33807,2429,226.5884718,0.441328719,7.184902535,1
CAMP-MVXPJ4,40442,34,Instagram,Text,45-54,Male,Germany,12526,4988,30.9727511,3.22864442,39.82117196,1
CAMP-HNRIUU,6474,53,Instagram,Text,35-44,Male,India,41264,542,637.3802904,0.156892206,1.313493602,0
CAMP-9K9XJU,1778,40,Google,Text,25-34,All,US,4761,1288,267.7727784,0.373450956,27.0531401,1
CAMP-Y0BVR6,33927,35,LinkedIn,Video,18-24,All,Canada,6529,1634,19.24425973,5.196354725,25.02680349,1
CAMP-K2VMWW,16298,25,Facebook,Story,18-24,All,Germany,31440,4921,192.9071052,0.518384224,15.65203562,1
CAMP-YZX4W6,10014,17,Google,Story,55+,Male,Germany,13211,2927,131.9253046,0.758004693,22.15577927,1
CAMP-XLPU0D,27990,35,Google,Video,45-54,Male,US,32202,1353,115.0482315,0.869200671,4.201602385,1
CAMP-K0GET8,22399,27,YouTube,Carousel,55+,All,UK,14685,4377,65.56096254,1.525297923,29.80592441,1
CAMP-T63J3R,43685,19,Instagram,Carousel,55+,Female,US,40893,1299,93.6087902,1.068275744,3.176582789,1
CAMP-30ME8F,43789,35,Google,Text,55+,All,US,30347,4869,69.30279294,1.442943289,16.04441955,1
CAMP-840982,42657,49,Google,Image,18-24,All,Germany,20886,3968,48.9626556,2.042372881,18.99837212,1
CAMP-N2ATQY,49180,57,LinkedIn,Carousel,18-24,All,Canada,24881,4424,50.59170394,1.976608657,17.78063583,1
CAMP-YV37DI,44120,4,LinkedIn,Image,55+,All,US,1057,2259,2.395738894,41.74077578,213.71807,0
CAMP-A5U6HC,2793,16,Facebook,Story,18-24,Male,UK,26381,4648,944.5399212,0.10587165,17.61874076,1
CAMP-36KOF8,29567,55,YouTube,Image,45-54,Female,India,40506,2074,136.9973281,0.729941243,5.120229102,1
CAMP-KRD5EQ,29823,42,Facebook,Story,55+,All,US,10813,702,36.25725111,2.758068991,6.492185332,1
CAMP-Y08P0F,46799,42,LinkedIn,Video,18-24,Female,US,3958,1920,8.457445672,11.82390096,48.50934816,1
CAMP-ODRO8B,3727,53,Instagram,Video,25-34,Female,UK,27623,2461,741.1591092,0.134923795,8.909242298,1
CAMP-NP84DY,26039,41,LinkedIn,Text,55+,Female,Canada,19237,4263,73.87764507,1.353589437,22.16042002,1
CAMP-T9MOGE,49025,53,YouTube,Carousel,55+,All,US,12007,4265,24.49158593,4.083034896,35.52094611,1
CAMP-4QXXVA,43041,8,LinkedIn,Text,45-54,Male,US,4429,4325,10.29018842,9.717995033,97.65184014,1
CAMP-2IEUC1,21934,8,YouTube,Story,35-44,All,Canada,28009,367,127.6967265,0.78310543,1.31029312,0
CAMP-HH5LF6,18147,5,YouTube,Text,35-44,Female,UK,16532,528,91.10045738,1.09768933,3.193805952,1
CAMP-A4FEJG,26205,9,YouTube,Image,45-54,Female,US,27155,4887,103.6252624,0.965015651,17.99668569,1
CAMP-XAA2IL,10330,53,YouTube,Story,45-54,Male,Canada,927,3719,8.973862536,11.14347357,401.1866235,1
CAMP-GB0S0R,15807,10,YouTube,Video,45-54,All,US,48403,3610,306.2124375,0.326570667,7.4582154,1
CAMP-2SDS8B,22076,44,Instagram,Carousel,35-44,Female,India,18302,3936,82.90451169,1.206206972,21.50584636,1
CAMP-25SQ8C,44362,54,Facebook,Story,45-54,Male,Germany,31384,4620,70.74523241,1.413522814,14.72087688,1
CAMP-ROYR6C,23876,17,Google,Story,18-24,Female,India,19099,2154,79.99246105,1.250117807,11.27807739,1
CAMP-CVCJWT,30180,49,Facebook,Image,55+,Male,US,17822,1909,59.05235255,1.693412636,10.71148019,1
CAMP-L9TQVD,1406,31,YouTube,Carousel,55+,Male,UK,2687,3013,191.1095306,0.523260141,112.1324898,1
CAMP-Z4X1ZH,6876,35,Instagram,Video,25-34,All,Germany,7292,4229,106.0500291,0.942951179,57.99506308,1
CAMP-QIMQOD,27351,54,LinkedIn,Story,25-34,Female,India,42075,3023,153.8334979,0.650053476,7.184789067,1
CAMP-PXNF7C,9574,32,Instagram,Story,55+,All,Canada,41431,3484,432.7449342,0.231083005,8.409162222,1
CAMP-3DD03U,40394,41,YouTube,Image,18-24,Female,UK,35701,2721,88.38193791,1.1314529,7.621635248,1
CAMP-VULEMX,22059,29,Instagram,Text,35-44,All,India,34022,1771,154.2318328,0.648374581,5.205455294,1
CAMP-15Z8VM,5630,38,Instagram,Video,35-44,Female,Canada,16978,4114,301.5630551,0.331605607,24.23135823,1
CAMP-UHXID4,29420,31,YouTube,Carousel,18-24,All,US,28792,1778,97.86539769,1.021811614,6.17532648,1
CAMP-N1U349,3848,40,Instagram,Story,35-44,Male,Canada,11881,4213,308.7577963,0.323878461,35.45997812,1
CAMP-3WXA73,32068,59,Google,Story,45-54,Female,India,48282,798,150.5613072,0.664181268,1.65278986,0
CAMP-JGZLMA,32662,35,Google,Video,55+,Female,India,19606,3216,60.02694262,1.665918596,16.4031419,1
CAMP-5UOFWB,13645,39,Instagram,Text,55+,Male,US,25393,3789,186.0974716,0.537352814,14.92143504,1
CAMP-0HPMNZ,763,29,LinkedIn,Story,18-24,All,Canada,22884,2977,2999.21363,0.033342073,13.00908932,1
CAMP-1UDBFW,34866,57,YouTube,Video,35-44,Female,Canada,46812,3738,134.2626054,0.744809023,7.985132017,1
CAMP-YJXRPJ,8094,35,Google,Image,25-34,Female,US,39338,1712,486.0143316,0.205755249,4.352026031,1
CAMP-1EPKYR,28121,6,LinkedIn,Text,25-34,All,Canada,33472,753,119.0284841,0.840135038,2.249641491,1
CAMP-YBOVAK,30403,24,Instagram,Carousel,35-44,Male,US,23255,2470,76.48916225,1.307374758,10.62137175,1
CAMP-HEJLA0,3404,4,LinkedIn,Story,25-34,All,UK,18880,3970,554.6415981,0.18029661,21.02754237,1
CAMP-GNZS43,46676,12,Facebook,Video,18-24,All,India,8462,1393,18.1292313,5.515953675,16.46182935,1
CAMP-C5BA75,39453,7,Google,Image,18-24,All,UK,3716,2606,9.418802119,10.61706136,70.12917115,1
CAMP-UUZPEA,17775,12,Instagram,Carousel,35-44,Female,Germany,37095,678,208.6919831,0.479175091,1.827739588,0
CAMP-L2W37D,44517,35,YouTube,Video,25-34,Male,Germany,20836,106,46.8045915,2.136542523,0.508734882,0
CAMP-4IVSOL,24038,56,Instagram,Video,18-24,Male,Germany,5565,3288,23.1508445,4.319496855,59.08355795,1
CAMP-MLGSES,23764,40,YouTube,Carousel,18-24,All,US,42023,4754,176.834708,0.565499845,11.31285249,1
CAMP-6M033I,1736,15,Instagram,Image,45-54,Female,Canada,26677,1947,1536.693548,0.065074784,7.298421862,1
CAMP-FHV1XG,20180,33,LinkedIn,Image,45-54,All,UK,15248,1096,75.55996036,1.323452256,7.187827912,1
CAMP-1R11Q7,27828,49,LinkedIn,Text,18-24,Female,UK,4035,1783,14.49978439,6.896654275,44.18835192,1
CAMP-UWW5WF,49950,38,LinkedIn,Story,35-44,Female,UK,45953,4542,91.997998,1.086980175,9.884011925,1
CAMP-CPKJCS,26836,47,Facebook,Carousel,55+,Female,UK,40985,3258,152.7239529,0.654776138,7.949249726,1
CAMP-LQC3C5,28773,26,YouTube,Carousel,55+,Female,Germany,29525,1998,102.6135613,0.974530059,6.767146486,1
CAMP-4WSQT2,37605,54,LinkedIn,Carousel,18-24,Male,UK,40266,4870,107.0761867,0.933914469,12.0945711,1
CAMP-6Q3XLR,47423,58,Facebook,Image,18-24,Female,Canada,19453,1562,41.02018008,2.4378245,8.029609829,1
CAMP-FCD6MZ,46745,17,YouTube,Story,18-24,Female,Germany,3731,4007,7.98160231,12.52881265,107.3974806,1
CAMP-SGIPPS,954,31,Instagram,Text,35-44,All,UK,26069,1676,2732.599581,0.03659519,6.429092025,1
CAMP-FNKOMV,24648,10,Facebook,Video,45-54,All,US,27636,1123,112.1226874,0.891880156,4.06354031,1
CAMP-2XCDYK,38723,7,Google,Video,18-24,Male,India,49774,3982,128.5385946,0.777976454,8.000160726,1
CAMP-0X65MU,7492,31,Facebook,Carousel,18-24,All,India,42342,1302,565.1628404,0.176940154,3.074961032,1
CAMP-FM8ZOV,46817,49,Facebook,Story,25-34,Female,India,37571,944,80.25076361,1.246094062,2.512576189,1
CAMP-7LN23Y,21656,6,YouTube,Image,35-44,All,Germany,39900,4551,184.2445512,0.542756892,11.40601504,1
CAMP-30YSXP,38659,14,Instagram,Story,18-24,Male,UK,36820,946,95.24302232,1.049945682,2.569255839,1
CAMP-NNGH8R,26409,47,Google,Story,25-34,All,Germany,5679,601,21.50403272,4.650290544,10.58284909,1
CAMP-IEC4D1,22019,4,LinkedIn,Image,55+,All,Canada,27760,2701,126.072937,0.793191643,9.729827089,1
CAMP-45BM1E,5031,29,LinkedIn,Carousel,18-24,Male,US,30378,4821,603.8163387,0.165613273,15.87003753,1
CAMP-NF313F,33070,33,Facebook,Story,18-24,Male,US,12328,1418,37.27850015,2.682511356,11.50227125,1
CAMP-POYIPK,44315,53,YouTube,Video,25-34,Female,India,8467,1525,19.10639738,5.233849061,18.01110193,1
CAMP-0QTL3Q,12788,53,YouTube,Image,35-44,All,India,34815,3767,272.2474195,0.36731294,10.82004883,1
CAMP-4N89QK,25442,38,LinkedIn,Text,18-24,Female,India,9013,251,35.42567408,2.822811495,2.784866304,1
CAMP-NS832E,37257,38,Google,Carousel,55+,All,UK,48602,1545,130.4506536,0.766573392,3.178881528,1
CAMP-JX5TD4,2427,28,Instagram,Image,18-24,All,Canada,37342,79,1538.607334,0.064993841,0.211558031,0
CAMP-4K1J6F,40872,45,Google,Text,55+,Female,Canada,25059,3124,61.3109219,1.631030767,12.46657887,1
CAMP-P8HQMA,40645,29,Instagram,Text,45-54,All,Canada,27725,898,68.21257227,1.46600541,3.238954013,1
CAMP-BSI9NB,297,7,LinkedIn,Story,45-54,All,Canada,36225,4877,12196.9697,0.008198758,13.46307798,1
CAMP-74X2EK,23609,22,Instagram,Story,55+,All,India,6781,226,28.72209751,3.481639876,3.332841764,1
CAMP-3ZEZQA,34798,13,YouTube,Story,35-44,Male,US,40613,1210,116.7107305,0.856819245,2.97934159,1
CAMP-CJ4T0S,44642,12,Facebook,Image,18-24,Female,India,11382,4899,25.49616953,3.922157793,43.0416447,1
CAMP-EKKBP2,15187,42,Facebook,Image,18-24,Male,Canada,19227,4838,126.6016988,0.789878816,25.16253186,1
CAMP-QD6VAS,22771,40,LinkedIn,Carousel,45-54,Female,India,23768,2179,104.378376,0.958052844,9.167788623,1
CAMP-IFPWIO,25284,8,YouTube,Story,55+,Female,Canada,2961,2680,11.71096346,8.539007092,90.50996285,1
CAMP-XD9CSS,27948,10,Google,Text,18-24,All,Germany,18849,2886,67.44310863,1.482731179,15.31115709,1
CAMP-9TOQW9,42207,25,YouTube,Video,18-24,Female,US,49452,2807,117.1653991,0.853494298,5.676211276,1
CAMP-JA2M0W,20766,49,Facebook,Carousel,35-44,Male,Germany,15244,704,73.40845613,1.362240882,4.618210443,1
CAMP-10LBT3,44457,28,Facebook,Image,25-34,Male,UK,5001,2545,11.24907214,8.889622076,50.88982204,1
CAMP-G2QZW3,15808,48,YouTube,Carousel,45-54,Male,India,40916,2371,258.8309717,0.386352527,5.794799101,1
CAMP-C1QKBH,26470,45,YouTube,Carousel,45-54,Female,UK,28383,3282,107.2270495,0.9326005,11.5632597,1
CAMP-B7S9TJ,49911,14,Facebook,Carousel,25-34,Male,India,21723,4711,43.52347178,2.297610827,21.68669153,1
CAMP-1GM25L,2911,28,Google,Carousel,18-24,Female,Germany,48935,329,1681.037444,0.059487075,0.672320425,0
CAMP-EN606N,47111,15,LinkedIn,Video,35-44,Male,Canada,40920,4229,86.85869542,1.15129521,10.33479961,1
CAMP-9RR7S2,6646,42,LinkedIn,Story,35-44,Male,Canada,5615,4931,84.48690942,1.183615316,87.81834372,1
CAMP-0CV3TL,34854,20,YouTube,Text,45-54,Female,India,22871,121,65.6194411,1.523938612,0.529054261,0
CAMP-CXLVPY,30306,27,LinkedIn,Carousel,35-44,Male,Canada,25544,965,84.28693988,1.186423426,3.777795177,1
CAMP-MB5M9J,41206,35,Facebook,Carousel,25-34,All,Germany,33991,4225,82.49041402,1.212262069,12.42976082,1
CAMP-98CWN2,11511,49,Facebook,Carousel,18-24,Female,Canada,8674,3676,75.35400921,1.327069403,42.37952502,1
CAMP-Y8FV2B,3011,42,YouTube,Story,25-34,Female,Germany,47212,2077,1567.984058,0.063776159,4.399305261,1
CAMP-C2NNUV,1834,45,YouTube,Image,55+,Female,UK,46074,333,2512.21374,0.03980553,0.722750358,0
CAMP-Y8N1UT,18327,14,YouTube,Image,45-54,All,Germany,885,3369,4.828940907,20.70847458,380.6779661,0
CAMP-OXIE0R,8780,46,Google,Video,35-44,Female,US,18696,1317,212.9384966,0.46961917,7.044287548,1
CAMP-NUJJQ9,19460,38,LinkedIn,Image,55+,Male,US,11874,1197,61.01747174,1.638874853,10.08084891,1
CAMP-K6RE4Q,18443,50,YouTube,Carousel,35-44,Male,US,37385,3171,202.7056336,0.4933262,8.482011502,1
CAMP-6QDY4L,5859,6,Instagram,Carousel,18-24,Male,India,3865,1430,65.96688855,1.515912031,36.99870634,1
CAMP-MCT64Z,23178,7,Instagram,Carousel,18-24,Female,India,49448,356,213.3402364,0.468734833,0.719948228,0
CAMP-7W2SEH,35253,58,Facebook,Video,18-24,Male,India,2479,4235,7.032025643,14.22065349,170.8350141,1
CAMP-E2ATN2,11211,39,LinkedIn,Carousel,35-44,Female,Germany,42000,1527,374.6320578,0.266928571,3.635714286,1
CAMP-TWDL9Z,37604,10,YouTube,Image,55+,Male,India,41936,3898,111.5200511,0.896699733,9.295116368,1
CAMP-S13C9X,1902,44,Instagram,Story,18-24,All,UK,44448,29,2336.908517,0.042791577,0.06524478,0
CAMP-QYM52X,8255,51,LinkedIn,Story,55+,All,US,2657,1014,32.1865536,3.106887467,38.16334212,1
CAMP-G8P6BE,8220,30,Facebook,Text,35-44,All,Germany,25700,2703,312.6520681,0.319844358,10.51750973,1
CAMP-FFLZM7,39484,33,Google,Image,55+,All,US,38748,828,98.1359538,1.018994529,2.136884484,1
CAMP-64JWTE,47125,60,LinkedIn,Carousel,35-44,Female,India,32403,4447,68.7596817,1.454340647,13.7240379,1
CAMP-KTSG7F,47354,11,LinkedIn,Story,35-44,Male,Germany,36840,2025,77.7970182,1.285396308,5.496742671,1
CAMP-XZV4U3,22018,56,Google,Image,45-54,All,Canada,12041,299,54.68707421,1.828585666,2.48318246,1
CAMP-BBXUX1,20545,53,LinkedIn,Story,35-44,Female,UK,21218,1866,103.2757362,0.968281648,8.794419832,1
CAMP-OXRWK8,30406,31,Facebook,Carousel,35-44,All,India,31149,4017,102.4435967,0.976146907,12.89608013,1
CAMP-R2YKCC,16746,16,Facebook,Story,25-34,All,India,39435,2112,235.489072,0.424648155,5.355648536,1
CAMP-PRHVLZ,46943,42,Google,Text,18-24,Female,UK,35969,755,76.62271265,1.305096055,2.09902972,1
CAMP-049ENU,31165,43,YouTube,Text,45-54,Female,UK,31466,770,100.965827,0.990434119,2.447085743,1
CAMP-LQJIDK,25299,24,Instagram,Story,45-54,Male,Canada,5630,3736,22.25384403,4.493605684,66.35879218,1
CAMP-NWI5FL,42076,13,YouTube,Image,45-54,Male,India,7104,1239,16.8837342,5.92286036,17.44087838,1
CAMP-UL1RSR,16471,25,LinkedIn,Image,25-34,All,India,24140,4930,146.5606217,0.682311516,20.42253521,1
CAMP-LA8S8H,11935,3,Instagram,Image,35-44,All,US,40437,2214,338.810222,0.295150481,5.475183619,1
CAMP-MBR5XQ,46036,48,Google,Story,18-24,Male,Germany,15873,1907,34.47953775,2.9002709,12.01411201,1
CAMP-T4P501,2149,39,Google,Image,55+,Male,Germany,46065,1565,2143.555142,0.046651471,3.397373277,1
CAMP-NOUHTC,31716,23,Instagram,Carousel,35-44,Female,US,37391,1219,117.8931769,0.848225509,3.260142815,1
CAMP-S1K9YE,38291,28,Facebook,Text,25-34,Male,Germany,15389,4602,40.18960069,2.488205861,29.90447722,1
CAMP-9O2M71,47457,48,Instagram,Carousel,35-44,Male,UK,3541,1358,7.461491455,13.40214629,38.35074838,1
CAMP-HSSBEL,21032,38,LinkedIn,Image,35-44,All,Germany,756,3840,3.594522632,27.82010582,507.9365079,0
CAMP-RQVSLW,29955,56,Facebook,Carousel,25-34,Male,Germany,32007,1461,106.8502754,0.935889024,4.564626488,1
CAMP-F90KM3,7258,25,Google,Image,45-54,All,US,15778,3986,217.3877101,0.460007606,25.26302446,1
CAMP-TZK3NY,43116,59,Instagram,Story,45-54,Male,Canada,7047,1417,16.34428055,6.118348233,20.10784731,1
CAMP-9V20YA,7500,3,YouTube,Carousel,18-24,Female,Germany,38051,2854,507.3466667,0.197103887,7.500459909,1
CAMP-R821UZ,42742,56,YouTube,Story,18-24,Male,Germany,38573,4857,90.24612793,1.108080782,12.59170923,1
CAMP-VGWW4F,15251,57,LinkedIn,Story,45-54,Male,Canada,25213,4929,165.3203069,0.604886368,19.54943878,1
CAMP-YB8DAL,1254,53,YouTube,Video,55+,Male,US,17768,1429,1416.905901,0.070576317,8.042548402,1
CAMP-FYO175,4599,42,Instagram,Image,35-44,All,Canada,22022,4379,478.8432268,0.208836618,19.88466079,1
CAMP-0CEHLX,6395,17,Instagram,Text,55+,Female,US,18281,4475,285.8639562,0.34981675,24.47896723,1
CAMP-SLG6MM,12283,23,YouTube,Image,35-44,Male,UK,39669,4294,322.9585606,0.309637248,10.82457334,1
CAMP-1ZXYVG,29399,49,Instagram,Text,45-54,All,US,12176,3063,41.41637471,2.414503942,25.15604468,1
CAMP-IUI9KK,12974,11,LinkedIn,Image,18-24,Female,UK,23645,3072,182.2491136,0.548699514,12.99217594,1
CAMP-HZLM72,32811,55,Facebook,Story,18-24,All,UK,40683,556,123.9919539,0.806503945,1.366664209,0
CAMP-JEYN93,5639,11,LinkedIn,Carousel,55+,All,US,12168,356,215.7829402,0.463428665,2.925706772,1
CAMP-82KKZM,42505,12,LinkedIn,Carousel,18-24,Female,India,3367,1564,7.921421009,12.62399762,46.45084645,1
CAMP-PJRHT7,48454,54,Instagram,Video,45-54,Male,US,45030,3501,92.93350394,1.076038197,7.774816789,1
CAMP-ZEWVIY,2657,59,Facebook,Text,55+,All,Germany,44165,1041,1662.213022,0.060160761,2.357070078,1
CAMP-TWBOZD,38460,55,Instagram,Text,35-44,All,Germany,43208,2687,112.3452938,0.890112942,6.218755786,1
CAMP-1AT7O7,16582,28,Google,Text,18-24,Male,India,47681,4475,287.5467374,0.347769552,9.385289738,1
CAMP-5RH8LX,2300,43,Instagram,Story,25-34,Male,UK,49366,4776,2146.347826,0.046590771,9.674674877,1
CAMP-6DUT07,47040,37,Instagram,Text,18-24,Female,India,39878,2554,84.77465986,1.179597773,6.404533828,1
CAMP-6G5G79,3061,54,Instagram,Carousel,35-44,Female,Germany,15554,1780,508.1345965,0.196798251,11.44400154,1
CAMP-OR7875,47075,27,Facebook,Story,55+,Female,India,3107,4995,6.600106213,15.15127132,160.7660122,1
CAMP-AUD9K9,21457,28,Instagram,Image,35-44,Male,US,26710,76,124.4815212,0.803332085,0.284537626,0
CAMP-TR74QG,12069,13,Facebook,Text,25-34,All,India,37246,4327,308.6088325,0.324034796,11.61735488,1
CAMP-EFQJG0,2969,40,YouTube,Text,45-54,All,UK,452,3320,15.22398114,6.568584071,734.5132743,1
CAMP-2U1G46,46860,4,Google,Image,18-24,Female,US,8655,2350,18.46991037,5.414211438,27.1519353,1
CAMP-3SDYGF,28743,9,Facebook,Text,55+,Male,Canada,15811,2774,55.0081759,1.817911581,17.54474733,1
CAMP-LIJI18,24836,20,YouTube,Image,45-54,All,Germany,27093,2263,109.0876148,0.916694349,8.352711032,1
CAMP-K0AXYC,38567,29,Facebook,Story,35-44,Female,Germany,33685,3230,87.34150958,1.144930978,9.588837762,1
CAMP-ELOS6Z,23428,36,Facebook,Carousel,55+,All,India,13829,2117,59.02765921,1.69412105,15.30840986,1
CAMP-LE6KWH,25976,29,Google,Image,45-54,All,US,15205,393,58.53480136,1.7083854,2.584676093,1
CAMP-EF0VOT,21395,19,LinkedIn,Video,55+,Male,Canada,41028,1109,191.7644309,0.52147314,2.703032076,1
CAMP-QTXHI1,4087,45,LinkedIn,Image,25-34,Male,US,33182,4363,811.8913629,0.123169188,13.14869508,1
CAMP-5CQZCU,22499,46,Facebook,Text,25-34,All,Germany,23901,611,106.2313881,0.941341366,2.556378394,1
CAMP-CTSUFL,46314,53,Instagram,Story,18-24,Female,US,15416,2776,33.2858315,3.004281266,18.00726518,1
CAMP-SEHUDS,34086,56,YouTube,Story,18-24,Male,Canada,28458,3999,83.48882239,1.197765128,14.05228758,1
CAMP-3QSQCQ,20980,26,Instagram,Image,25-34,All,India,6621,673,31.55862726,3.168705634,10.1646277,1
CAMP-30O30U,4835,27,Instagram,Carousel,55+,Male,UK,49781,3678,1029.596691,0.097125409,7.388361021,1
CAMP-BMC97C,44164,9,Facebook,Video,25-34,Male,US,14067,31,31.85173444,3.139546456,0.220373925,0
CAMP-7BO119,4655,54,Facebook,Story,18-24,Male,UK,39286,1401,843.952739,0.118490047,3.566155883,1
CAMP-XP9N56,42014,8,Facebook,Text,25-34,All,Germany,4200,4072,9.996667777,10.00333333,96.95238095,1
CAMP-NYXTXM,40918,55,Facebook,Text,25-34,Female,India,45883,617,112.1340241,0.891789988,1.344724626,0
CAMP-GTT0IA,45625,26,LinkedIn,Carousel,55+,Female,India,19473,4635,42.68054795,2.342987727,23.80218764,1
CAMP-AKYTT3,19930,35,Facebook,Story,45-54,Female,US,4187,2787,21.00852985,4.75997134,66.56317172,1
CAMP-IMJ70E,17529,51,LinkedIn,Image,18-24,Male,India,30042,871,171.3845627,0.583483124,2.899274349,1
CAMP-3P15AH,6993,31,LinkedIn,Text,55+,All,US,45054,4197,644.2728443,0.155213744,9.315488081,1
CAMP-DBVZB0,14473,45,Facebook,Carousel,25-34,Male,US,28952,3605,200.0414565,0.49989638,12.4516441,1
CAMP-OIH5CS,47433,24,Google,Story,25-34,Female,UK,49654,1413,104.6823941,0.955270472,2.84569219,1
CAMP-K30LVY,3536,28,YouTube,Story,45-54,Female,India,44971,2740,1271.804299,0.078628449,6.09281537,1
CAMP-LKFXHK,8854,30,Instagram,Story,18-24,All,US,13883,941,156.7991868,0.63775841,6.778073903,1
CAMP-C856WP,10777,52,LinkedIn,Story,18-24,Male,UK,1431,341,13.27827781,7.531097135,23.82948987,1
CAMP-R97Y2L,5995,23,YouTube,Story,35-44,Female,Canada,8204,2909,136.8473728,0.730741102,35.45831302,1
CAMP-OFN1R4,19838,51,Google,Text,18-24,All,UK,34285,4134,172.8248815,0.578620388,12.0577512,1
CAMP-KZ36U8,30846,9,Instagram,Carousel,45-54,Male,UK,13489,660,43.73014329,2.286752168,4.892875676,1
CAMP-UEIHX7,49477,19,Instagram,Story,35-44,Male,US,19172,2034,38.74931786,2.58069059,10.60922178,1
CAMP-4D0GJY,48504,22,LinkedIn,Video,35-44,Female,Germany,24006,1561,49.49282533,2.020494876,6.502541031,1
CAMP-V5G10U,32452,43,Facebook,Video,25-34,Female,Germany,17314,3458,53.3526439,1.874321358,19.97227677,1
CAMP-R5L8A7,39890,51,Google,Carousel,25-34,Male,Germany,44824,1657,112.3690148,0.88992504,3.69668035,1
CAMP-8E9RIV,42019,22,LinkedIn,Image,18-24,Male,UK,3199,2976,7.61322259,13.1350422,93.02907158,1
CAMP-H6T1NT,5700,56,Google,Image,35-44,Female,US,24710,1050,433.5087719,0.23067584,4.249291785,1
CAMP-MJSRD9,29224,24,Facebook,Image,25-34,Male,India,40710,454,139.3033123,0.71785802,1.115205109,0
CAMP-Q46NOU,27743,30,Facebook,Video,45-54,Female,UK,20578,1705,74.17366543,1.348187385,8.285547672,1
CAMP-HFJ7UP,40864,42,LinkedIn,Image,25-34,Male,UK,48954,2785,119.7973767,0.83474282,5.689014177,1
CAMP-FLN4RX,9107,51,Facebook,Text,25-34,Female,US,1218,819,13.37432744,7.477011494,67.24137931,1
CAMP-YJ38XR,45814,9,YouTube,Story,35-44,All,Canada,45174,4869,98.6030471,1.014167441,10.77832381,1
CAMP-G2GZR7,37510,3,Instagram,Video,35-44,Female,UK,35947,13,95.83311117,1.04348068,0.036164353,0
CAMP-TXCB48,44180,34,LinkedIn,Carousel,55+,Female,Canada,15082,3980,34.13761883,2.929319719,26.38907307,1
CAMP-Y1O4IZ,40547,15,Google,Carousel,45-54,All,Canada,35344,921,87.1679779,1.147210276,2.605817112,1
CAMP-ASNWYW,8308,32,YouTube,Story,35-44,Male,Germany,43877,4921,528.1295137,0.189347494,11.21544317,1
CAMP-RRATAT,18689,25,LinkedIn,Video,18-24,All,US,3566,2419,19.08074268,5.240886147,67.83510937,1
CAMP-J9A3Y3,43584,53,Facebook,Image,45-54,Female,Canada,19801,1315,45.43180984,2.201100954,6.641078733,1
CAMP-6DDFGS,17553,58,Facebook,Image,45-54,Male,US,30423,3678,173.3207999,0.576964796,12.08953752,1
CAMP-3JONOU,36312,21,Facebook,Text,35-44,All,Germany,30320,2018,83.49856797,1.19762533,6.655672823,1
CAMP-9IY4X4,43625,34,Facebook,Text,45-54,Male,US,10436,1229,23.92206304,4.180241472,11.77654274,1
CAMP-1DNTCA,47302,32,Google,Image,35-44,Male,UK,36373,4793,76.8952687,1.300470129,13.17735683,1
CAMP-GRP2U4,32735,31,YouTube,Carousel,25-34,All,Canada,48830,2435,149.1675577,0.670387057,4.986688511,1
CAMP-DTBH55,33928,51,Instagram,Carousel,55+,Male,US,14207,2869,41.8739684,2.388118533,20.19427043,1
CAMP-RBC76U,18811,47,Google,Text,25-34,All,India,37929,2516,201.6320238,0.495952965,6.633446703,1
CAMP-B7L8V1,3520,31,Google,Story,35-44,Female,US,39570,1439,1124.147727,0.08895628,3.636593379,1
CAMP-ZOCFI4,31316,32,Instagram,Image,35-44,Male,Canada,49647,4165,158.5355729,0.630773259,8.389227949,1
CAMP-O6L1F9,401,18,Instagram,Text,25-34,Female,Germany,39182,3544,9771.072319,0.010234291,9.044969629,1
CAMP-0S9BP4,45336,42,Facebook,Text,18-24,Female,Germany,3676,3176,8.108346568,12.33297062,86.39825898,1
CAMP-M18O1B,49858,21,Google,Image,18-24,Male,Canada,20450,1782,41.01648682,2.43804401,8.71393643,1
CAMP-J9RM7P,799,20,LinkedIn,Image,18-24,All,UK,36693,2264,4592.365457,0.02177527,6.170114191,1
CAMP-YXDW2Z,290,3,Instagram,Carousel,35-44,Male,UK,38315,1970,13212.06897,0.007568837,5.141589456,1
CAMP-CFZW0L,10592,16,Instagram,Story,45-54,Female,Germany,16029,212,151.3311934,0.660802296,1.322602782,0
CAMP-DALMJE,35843,53,YouTube,Story,35-44,Female,Germany,11579,508,32.3047736,3.095517748,4.387252785,1
CAMP-GQTOAM,6202,49,LinkedIn,Image,45-54,All,Canada,16695,332,269.1873589,0.37148847,1.988619347,0
CAMP-DVLNKN,19878,52,LinkedIn,Video,25-34,Male,UK,26474,551,133.1824127,0.75084989,2.081287301,1
CAMP-D669UG,26741,4,Instagram,Text,55+,Female,Germany,13432,942,50.22998392,1.990842764,7.013103038,1
CAMP-NEKRCP,34684,56,Facebook,Text,45-54,Female,UK,4075,728,11.74893323,8.511411043,17.86503067,1
CAMP-PRCJIW,32845,30,YouTube,Image,18-24,Female,Germany,43276,4976,131.7582585,0.758965708,11.49829005,1
CAMP-VHDK8L,23193,51,LinkedIn,Video,35-44,All,US,13894,2863,59.90600612,1.669281704,20.60601699,1
CAMP-W2LM34,669,52,Instagram,Carousel,25-34,Female,India,4225,3244,631.5396114,0.158343195,76.78106509,1
CAMP-9EL8HL,38310,32,LinkedIn,Image,18-24,Female,US,30569,649,79.79378752,1.253230397,2.123065851,1
CAMP-88KZRU,34763,40,YouTube,Image,25-34,Male,Germany,9224,2738,26.53395852,3.768755421,29.68343452,1
CAMP-IN3OEU,36731,53,YouTube,Text,55+,Male,India,3493,2748,9.509678473,10.51560263,78.67162897,1
CAMP-VTYT8Q,45781,6,Google,Image,35-44,Female,India,21445,1010,46.84257661,2.134809979,4.709722546,1
CAMP-ZPKY32,7555,3,Instagram,Image,35-44,Female,Germany,10775,1551,142.6207809,0.701160093,14.39443155,1
